{"cameraMode":{"drawMode":0,"name":"Shaded","section":"Shading Mode"},"sceneLighting":true,"audioPlay":false,"sceneViewState":{"showFog":true,"showMaterialUpdate":false,"showSkybox":true,"showFlares":true,"showImageEffects":true,"showParticleSystems":true},"in2DMode":false,"pivot":{"x":-74.52699279785156,"y":12.07295036315918,"z":47.29547119140625},"rotation":{"x":-0.026058336719870569,"y":-0.4787805378437042,"z":-0.014220211654901505,"w":0.8774341940879822},"size":47.1328239440918,"orthographic":false}